{
    "site": {
        "titulo": "Expo Game Jam",
        "descricao": "De alunos para alunos!",
        "ano": "2025"
    },
    "premiados": [
        {
            "posicao": "1",
            "titulo": "1",
            "descricao": "1",
            "imagem": "images\/2.jpg"
        },
        {
            "posicao": "2",
            "titulo": "2",
            "descricao": "2",
            "imagem": "images\/1.jpg"
        },
        {
            "posicao": "3",
            "titulo": "3",
            "descricao": "3",
            "imagem": "images\/3.jpg"
        }
    ],
    "contato": {
        "localizacao": "São Sebastião, SP - Brasil",
        "telefone": "(12) 997765-803",
        "email": "gamejamfatec.adm@gmail.com"
    },
    "paginas": {
        "termos": "Aqui vai o texto dos Termos de Uso.",
        "privacidade": "Aqui vai o texto da Política de Privacidade.",
        "sobre": "A Expo Game Jam é um evento estudantil que celebra a criatividade e a tecnologia!"
    }
}